name_match,name_steam,developer_steam,publisher_steam,price_steam,initialprice_steam,discount_steam,ccu,positive,owners_midpoint,approval_rate_steam,average_2weeks,name_gog,developer_gog,publisher_gog,price_gog,initialprice_gog,discount_gog,approval_rate_gog,name_epic,developer_epic,publisher_epic,price_epic,initialprice_epic,discount_epic,approval_rate_epic
7 days to die,7 Days to Die,The Fun Pimps,The Fun Pimps Entertainment LLC,121.99,121.99,0.0,17045.0,327889.0,15000000.0,88.61,788.0,,,,,,,,,,,,,,
a way out,,,,,,,,,,,,,,,,,,,A Way Out,Hazelight,Electronic Arts,159.0,159.0,0.0,
alan wake,,,,,,,,,,,,,,,,,,,Alan Wake Remastered,Remedy Entertainment,Epic Games Publishing,56.99,56.99,0.0,
alan wake 2,,,,,,,,,,,,,,,,,,,Alan Wake 2,Remedy Entertainment,Epic Games Publishing,225.0,225.0,0.0,
among us,Among Us,Innersloth,Innersloth,8.99,14.99,40.0,3832.0,643681.0,35000000.0,91.85,115.0,,,,,,,,Among Us,Innersloth,Innersloth,9.99,9.99,0.0,
anno 1404,,,,,,,,,,,,Anno 1404: Gold Edition,"Blue Byte, Related Designs",Ubisoft,17.49,34.99,50.0,88.0,,,,,,,
apex legends,Apex Legends,Respawn,Electronic Arts,0.0,0.0,0.0,124262.0,668053.0,150000000.0,67.14,609.0,,,,,,,,,,,,,,
arc raiders,,,,,,,,,,,,,,,,,,,ARC Raiders,Embark Studios,Embark Studios,171.8,171.8,0.0,
arcanum of steamworks and magick obscura,,,,,,,,,,,,Arcanum: Of Steamworks and Magick Obscura,Troika Games,Activision,11.99,11.99,0.0,92.0,,,,,,,
ark survival ascended,,,,,,,,,,,,,,,,,,,ARK: Survival Ascended,Studio Wildcard,Snail Games USA,220.0,220.0,0.0,
ark survival evolved,ARK: Survival Evolved,"Studio Wildcard, Instinct Games, Efecto Studios, Virtual Basement LLC","Studio Wildcard, Snail Games USA",31.01,46.99,34.0,22170.0,612177.0,35000000.0,83.84,930.0,,,,,,,,ARK: Survival Evolved,Studio Wildcard,Unknown,39.99,39.99,0.0,
arma 3,Arma 3,Bohemia Interactive,Bohemia Interactive,99.99,99.99,0.0,7181.0,256128.0,15000000.0,90.42,876.0,,,,,,,,,,,,,,
assassins creed odyssey,,,,,,,,,,,,,,,,,,,Assassins Creed Odyssey Standard Edition,Ubisoft Entertainment,Unknown,179.99,179.99,0.0,
assassins creed origins,,,,,,,,,,,,,,,,,,,Assassin's Creed Origins Standard Edition,Ubisoft Entertainment,Unknown,179.99,179.99,0.0,
assassins creed shadows,,,,,,,,,,,,,,,,,,,Assassin’s Creed Shadows,Ubisoft Entertainment,Ubisoft Entertainment,349.99,349.99,0.0,
assassins creed valhalla,,,,,,,,,,,,,,,,,,,Assassin's Creed® Valhalla Standard Edition,Ubisoft Entertainment,Unknown,199.99,199.99,0.0,
avatar frontiers of pandora,,,,,,,,,,,,,,,,,,,Avatar: Frontiers of Pandora,Massive Entertainment – A Ubisoft Studio,Ubisoft,149.99,149.99,0.0,
baldurs gate,,,,,,,,,,,,Baldur's Gate: Enhanced Edition,Beamdog,Beamdog,18.5,36.99,50.0,80.0,,,,,,,
baldurs gate 3,Baldur's Gate 3,Larian Studios,Larian Studios,159.99,199.99,25.0,54771.0,736688.0,35000000.0,96.85,511.0,Baldur's Gate 3,Larian Studios,Larian Studios,199.99,199.99,0.0,92.0,,,,,,,
baldurs gate ii,,,,,,,,,,,,Baldur's Gate II: Enhanced Edition,Beamdog,Beamdog,29.99,59.99,50.0,80.0,,,,,,,
batman arkham knight,,,,,,,,,,,,,,,,,,,Batman Arkham Knight,Warner Bros.,Unknown,49.99,49.99,0.0,
battlefield 2042,Battlefield 2042,DICE,Electronic Arts,249.0,249.0,0.0,2774.0,139186.0,15000000.0,46.74,291.0,,,,,,,,,,,,,,
battlefield 6,,,,,,,,,,,,,,,,,,,Battlefield™ 6,Battlefield Studios,Electronic Arts,299.0,299.0,0.0,
battlefield v,Battlefield V,DICE,Electronic Arts,229.0,229.0,0.0,6327.0,177352.0,15000000.0,70.86,190.0,,,,,,,,,,,,,,
beamngdrive,,,,,,,,,,,,,,,,,,,BeamNG.drive,BeamNG,BeamNG,66.99,66.99,0.0,
beyond good evil,,,,,,,,,,,,Beyond Good & Evil™,Ubisoft,Ubisoft,29.99,29.99,0.0,92.0,,,,,,,
black myth wukong,Black Myth: Wukong,Game Science,Game Science,229.99,229.99,0.0,15004.0,1111720.0,75000000.0,96.66,548.0,,,,,,,,Black Myth: Wukong,Game Science,Game Science,229.99,229.99,0.0,
black squad,Black Squad,"VALOFE, NS STUDIO",VALOFE,0.0,0.0,0.0,212.0,62042.0,15000000.0,75.93,1.0,,,,,,,,,,,,,,
bloons td 6,,,,,,,,,,,,,,,,,,,Bloons TD 6,Ninja Kiwi,Ninja Kiwi,49.99,49.99,0.0,
borderlands 2,Borderlands 2,"Gearbox Software, Aspyr (Mac), Aspyr (Linux)","2K, Aspyr (Mac), Aspyr (Linux)",44.99,44.99,0.0,8551.0,272900.0,15000000.0,92.44,190.0,,,,,,,,,,,,,,
borderlands 3,,,,,,,,,,,,,,,,,,,Borderlands 3,"2K Games, Inc.",Unknown,119.9,119.9,0.0,
borderlands4,,,,,,,,,,,,,,,,,,,Borderlands®4,Gearbox,2K,379.9,379.9,0.0,
brawlhalla,Brawlhalla,Blue Mammoth Games,Ubisoft,0.0,0.0,0.0,14169.0,314809.0,35000000.0,81.46,201.0,,,,,,,,,,,,,,
caesar 3,,,,,,,,,,,,Caesar 3,Impressions Games,Activision,11.99,11.99,0.0,90.0,,,,,,,
call of duty modern warfare ii,Call of Duty: Modern Warfare II,"Treyarch, Raven Software, Beenox, High Moon Studios, Activision Shanghai, Sledgehammer Games, Infinity Ward, Demonware, Toys for Bob",Activision,319.0,319.0,0.0,67419.0,419594.0,75000000.0,58.76,574.0,,,,,,,,,,,,,,
cities skylines,Cities: Skylines,Colossal Order,Paradox Interactive,115.99,115.99,0.0,8842.0,256362.0,15000000.0,92.96,345.0,,,,,,,,,,,,,,
clair obscur exp 33,,,,,,,,,,,,,,,,,,,Clair Obscur: Expedition 33,Sandfall Interactive,Kepler Interactive,199.0,199.0,0.0,
counterstrike,Counter-Strike,Valve,Valve,9.99,9.99,0.0,7323.0,243818.0,15000000.0,97.43,838.0,,,,,,,,,,,,,,
counterstrike condition zero,Counter-Strike: Condition Zero,Valve,Valve,20.69,20.69,0.0,83.0,13442.0,15000000.0,89.75,4.0,,,,,,,,,,,,,,
counterstrike global offensive,Counter-Strike: Global Offensive,Valve,Valve,0.0,0.0,0.0,1013936.0,7642084.0,150000000.0,86.69,724.0,,,,,,,,,,,,,,
counterstrike source,Counter-Strike: Source,Valve,Valve,9.99,9.99,0.0,6187.0,175426.0,15000000.0,96.26,54.0,,,,,,,,,,,,,,
crimson desert,,,,,,,,,,,,,,,,,,,Crimson Desert Standard Edition,Pearl Abyss,Pearl Abyss,349.99,349.99,0.0,
crosshair x,,,,,,,,,,,,,,,,,,,Crosshair X,CenterPoint Gaming,CenterPoint Gaming,13.49,13.49,0.0,
cyberpunk 2077,Cyberpunk 2077,CD PROJEKT RED,CD PROJEKT RED,199.9,199.9,0.0,22265.0,713071.0,35000000.0,84.39,424.0,Cyberpunk 2077,CD PROJEKT RED,CD PROJEKT RED,199.9,199.9,0.0,76.0,Cyberpunk 2077,CD PROJEKT RED,Unknown,199.9,199.9,0.0,
days gone,,,,,,,,,,,,,,,,,,,Days Gone,Sony Interactive Entertainment,PlayStation Publishing LLC,199.5,199.5,0.0,
dayz,DayZ,Bohemia Interactive,Bohemia Interactive,169.0,169.0,0.0,37066.0,330349.0,15000000.0,76.78,1900.0,,,,,,,,,,,,,,
dead by daylight,Dead by Daylight,Behaviour Interactive Inc.,Behaviour Interactive Inc.,69.99,69.99,0.0,44886.0,630223.0,35000000.0,79.05,597.0,,,,,,,,Dead by Daylight,Behaviour Interactive,Behaviour Interactive,69.99,69.99,0.0,
dead island 2,,,,,,,,,,,,,,,,,,,Dead Island 2,Deep Silver Dambuster Studios,Deep Silver,249.0,249.0,0.0,
death stranding 2 on the beach,,,,,,,,,,,,,,,,,,,DEATH STRANDING 2: ON THE BEACH,"KOJIMA PRODUCTIONS, Nixxes Software",PlayStation Publishing LLC,399.9,399.9,0.0,
destiny 2,Destiny 2,Bungie,Bungie,0.0,0.0,0.0,24619.0,497891.0,35000000.0,79.58,724.0,,,,,,,,,,,,,,
deus ex,,,,,,,,,,,,Deus Ex™ GOTY Edition,Ion Storm Inc.,Eidos Interactive Corporation,28.99,28.99,0.0,96.0,,,,,,,
diablo hellfire,,,,,,,,,,,,Diablo + Hellfire,"Blizzard Entertainment, Inc.","Blizzard Entertainment, Inc.",48.89,48.89,0.0,92.0,,,,,,,
disco elysium the final cut,,,,,,,,,,,,Disco Elysium - The Final Cut,ZA/UM,ZA/UM,18.89,75.49,75.0,90.0,,,,,,,
disney dreamlight valley,,,,,,,,,,,,,,,,,,,Disney Dreamlight Valley,Gameloft,Gameloft,147.45,147.45,0.0,
divinity original sin,,,,,,,,,,,,Divinity: Original Sin - Enhanced Edition,Larian Studios,Larian Studios,72.99,72.99,0.0,86.0,,,,,,,
divinity original sin 2,,,,,,,,,,,,Divinity: Original Sin 2 - Definitive Edition,Larian Studios,Larian Studios,90.99,90.99,0.0,90.0,,,,,,,
dont starve together,Don't Starve Together,Klei Entertainment,Klei Entertainment,27.99,27.99,0.0,30542.0,475393.0,15000000.0,95.26,363.0,,,,,,,,,,,,,,
dragon age origins,,,,,,,,,,,,Dragon Age™: Origins - Ultimate Edition,BioWare,Electronic Arts,48.89,97.69,50.0,90.0,,,,,,,
dungeon keeper,,,,,,,,,,,,Dungeon Keeper Gold™,Bullfrog Productions,Electronic Arts,29.29,29.29,0.0,92.0,,,,,,,
dungeon keeper 2,,,,,,,,,,,,Dungeon Keeper™ 2,Bullfrog Productions,Electronic Arts,29.29,29.29,0.0,90.0,,,,,,,
dungeons dragons dragonshard,,,,,,,,,,,,Dungeons & Dragons: Dragonshard,Liquid Entertainment,Hasbro Inc.,19.99,19.99,0.0,70.0,,,,,,,
dying light,Dying Light,Techland,Techland,99.0,99.0,0.0,4953.0,435687.0,15000000.0,95.2,326.0,,,,,,,,,,,,,,
dying light 2 stay human reloaded,,,,,,,,,,,,,,,,,,,Dying Light 2 Stay Human - Reloaded Edition,Techland,Techland,249.0,249.0,0.0,
dying light essentials,,,,,,,,,,,,,,,,,,,Dying Light: Essentials Edition,Techland,Techland,99.0,99.0,0.0,
dying light the beast,,,,,,,,,,,,,,,,,,,Dying Light: The Beast,Techland,Techland,249.0,249.0,0.0,
ea sports fc 26,,,,,,,,,,,,,,,,,,,EA SPORTS FC™ 26 Standard Edition,EA CANADA,Electronic Arts,299.0,299.0,0.0,
ea sports fifa 23,EA SPORTS FIFA 23,EA Canada &amp; EA Romania,Electronic Arts,0.0,0.0,0.0,1280.0,86192.0,7500000.0,56.92,155.0,,,,,,,,,,,,,,
efootball,eFootball,KONAMI,KONAMI,0.0,0.0,0.0,13404.0,44067.0,15000000.0,47.73,883.0,,,,,,,,,,,,,,
elden ring,ELDEN RING,"FromSoftware, Inc.","FromSoftware, Inc., Bandai Namco Entertainment",274.5,274.5,0.0,29529.0,981540.0,35000000.0,92.89,414.0,,,,,,,,,,,,,,
empire earth,,,,,,,,,,,,Empire Earth Gold Edition,Stainless Steel Studios,Rebellion,11.99,11.99,0.0,88.0,,,,,,,
empire earth 2,,,,,,,,,,,,Empire Earth 2 Gold Edition,Mad Doc Software,Rebellion,19.99,19.99,0.0,86.0,,,,,,,
euro truck simulator 2,Euro Truck Simulator 2,SCS Software,SCS Software,61.99,61.99,0.0,17281.0,844480.0,15000000.0,97.36,363.0,,,,,,,,,,,,,,
f1 25,,,,,,,,,,,,,,,,,,,F1® 25,Codemasters,Electronic Arts,249.0,249.0,0.0,
fall guys knockout,Fall Guys: Ultimate Knockout,Mediatonic,Ravenscourt,0.0,0.0,0.0,664.0,385154.0,35000000.0,81.3,50.0,,,,,,,,,,,,,,
fallout,,,,,,,,,,,,Fallout,Interplay,Bethesda Softworks LLC,10.0,19.99,50.0,90.0,,,,,,,
fallout 2,,,,,,,,,,,,Fallout 2,Interplay,Bethesda Softworks LLC,10.0,19.99,50.0,90.0,,,,,,,
fallout 3,,,,,,,,,,,,Fallout 3: Game of the Year Edition,Bethesda Game Studios,Bethesda Softworks LLC,13.19,39.99,67.0,74.0,,,,,,,
fallout 4,Fallout 4,Bethesda Game Studios,Bethesda Softworks,59.99,59.99,0.0,11179.0,326054.0,15000000.0,83.12,788.0,Fallout 4: Game of the Year Edition,Bethesda Game Studios,Bethesda Softworks LLC,79.99,199.9,60.0,80.0,Fallout 4,Bethesda Game Studios,Bethesda Softworks,59.99,59.99,0.0,
fallout new vegas,,,,,,,,,,,,Fallout: New Vegas Ultimate Edition,Obsidian Entertainment,Bethesda Softworks LLC,20.0,39.99,50.0,92.0,,,,,,,
far cry 5,,,,,,,,,,,,,,,,,,,Far Cry 5 Standard Edition,Ubisoft Entertainment,Unknown,179.99,179.99,0.0,
far cry 6,,,,,,,,,,,,,,,,,,,Far Cry 6 Standard Edition,Ubisoft Entertainment,Unknown,249.99,249.99,0.0,
far cry primal,,,,,,,,,,,,,,,,,,,Far Cry Primal Standard Edition,Ubisoft Entertainment,Unknown,99.99,99.99,0.0,
farming simulator 22,,,,,,,,,,,,,,,,,,,Farming Simulator 22,GIANTS Software GmbH,Unknown,149.0,149.0,0.0,
farming simulator 25,,,,,,,,,,,,,,,,,,,Farming Simulator 25,GIANTS Software,GIANTS Software,143.95,143.95,0.0,
fear platinum,,,,,,,,,,,,F.E.A.R. Platinum,"Monolith, TimeGate Studios, Inc.",Warner Bros. Interactive Entertainment,16.99,16.99,0.0,90.0,,,,,,,
football manager 26,,,,,,,,,,,,,,,,,,,Football Manager 26,Sports Interactive,SEGA,500.0,500.0,0.0,
forgotten realms demon stone,,,,,,,,,,,,Forgotten Realms: Demon Stone,Stormfront Studios,Hasbro Inc.,19.99,19.99,0.0,68.0,,,,,,,
freespace 2,,,,,,,,,,,,Freespace 2,Volition,Interplay,73.99,73.99,0.0,96.0,,,,,,,
ftl advanced,,,,,,,,,,,,FTL: Advanced Edition,Subset Games,Subset Games,8.39,23.99,65.0,92.0,,,,,,,
garrys mod,Garry's Mod,Facepunch Studios,Valve,12.99,25.99,50.0,18400.0,1122546.0,35000000.0,96.8,483.0,,,,,,,,,,,,,,
ghost of tsushima,,,,,,,,,,,,,,,,,,,Ghost of Tsushima DIRECTOR'S CUT,"Sucker Punch Productions, Nixxes Software",PlayStation Publishing LLC,249.9,249.9,0.0,
ghost recon breakpoint,,,,,,,,,,,,,,,,,,,Ghost Recon Breakpoint Standard Edition,Ubisoft Entertainment,Unknown,179.0,179.0,0.0,
god of war,,,,,,,,,,,,,,,,,,,God of War,Sony Interactive Entertainment,PlayStation Publishing LLC,199.9,199.9,0.0,
god of war ragnark,,,,,,,,,,,,,,,,,,,God of War Ragnarök,"Santa Monica Studio, Jetpack Interactive",PlayStation Publishing LLC,249.9,249.9,0.0,
gothic,,,,,,,,,,,,Gothic,Piranha Bytes,THQ Nordic GmbH,59.99,59.99,0.0,92.0,,,,,,,
gothic 2,,,,,,,,,,,,Gothic 2 Gold Edition,Piranha Bytes,THQ Nordic GmbH,59.99,59.99,0.0,92.0,,,,,,,
grand theft auto iv,Grand Theft Auto IV: Complete Edition,"Rockstar North, Rockstar Toronto",Rockstar Games,79.0,79.0,0.0,0.0,144570.0,35000000.0,82.48,0.0,,,,,,,,,,,,,,
grand theft auto the trilogy the,,,,,,,,,,,,,,,,,,,Grand Theft Auto: The Trilogy – The Definitive Edition,Rockstar Games  ,Rockstar Games  ,299.9,299.9,0.0,
grand theft auto v,,,,,,,,,,,,,,,,,,,Grand Theft Auto V Enhanced,Rockstar North,Rockstar Games  ,149.9,149.9,0.0,
grand theft auto v legacy,Grand Theft Auto V Legacy,Rockstar North,Rockstar Games,0.0,0.0,0.0,67851.0,1739980.0,75000000.0,87.41,975.0,,,,,,,,,,,,,,
grim dawn,Grim Dawn,Crate Entertainment,Crate Entertainment,73.99,73.99,0.0,2376.0,93489.0,15000000.0,93.74,832.0,,,,,,,,,,,,,,
half sword,,,,,,,,,,,,,,,,,,,Half Sword,Half Sword Games,Games Seer Publishing,73.99,73.99,0.0,
halflife,Half-Life,Valve,Valve,20.69,20.69,0.0,634.0,143086.0,15000000.0,96.54,87.0,,,,,,,,,,,,,,
halflife 2,Half-Life 2,Valve,Valve,32.99,32.99,0.0,1555.0,239721.0,15000000.0,97.6,194.0,,,,,,,,,,,,,,
halflife 2 deathmatch,Half-Life 2: Deathmatch,Valve,Valve,19.99,19.99,0.0,159.0,12962.0,15000000.0,90.67,35.0,,,,,,,,,,,,,,
halflife 2 lost coast,Half-Life 2: Lost Coast,Valve,Valve,32.99,32.99,0.0,2.0,12215.0,35000000.0,89.25,0.0,,,,,,,,,,,,,,
halo infinite,Halo Infinite,343 Industries,Xbox Game Studios,0.0,0.0,0.0,2275.0,123333.0,15000000.0,69.66,115.0,,,,,,,,,,,,,,
helldivers 2,HELLDIVERS 2,Arrowhead Game Studios,PlayStation Publishing LLC,199.5,199.5,0.0,53399.0,775883.0,35000000.0,76.24,537.0,,,,,,,,,,,,,,
heroes chronicles all chapters,,,,,,,,,,,,Heroes Chronicles: All Chapters,"New World Computing, Inc.",Ubisoft,10.0,19.99,50.0,90.0,,,,,,,
heroes generals,Heroes & Generals,TLM Partners,TLM Partners,0.0,0.0,0.0,0.0,96499.0,15000000.0,67.59,1.0,,,,,,,,,,,,,,
heroes of might and magic,,,,,,,,,,,,Heroes of Might and Magic®,"New World Computing, Inc.",Ubisoft,10.0,19.99,50.0,86.0,,,,,,,
heroes of might and magic 2,,,,,,,,,,,,Heroes of Might and Magic® 2: Gold,"New World Computing, Inc.",Ubisoft,10.0,19.99,50.0,96.0,,,,,,,
heroes of might and magic 3,,,,,,,,,,,,Heroes of Might and Magic® 3: Complete,"New World Computing, Inc.",Ubisoft,10.0,19.99,50.0,96.0,,,,,,,
heroes of might and magic 4,,,,,,,,,,,,Heroes of Might and Magic® 4: Complete,"New World Computing, Inc.",Ubisoft,10.0,19.99,50.0,86.0,,,,,,,
heroes of might and magic 5,,,,,,,,,,,,Heroes of Might and Magic® 5: Bundle,Nival Interactive ,Ubisoft,5.0,19.99,75.0,86.0,,,,,,,
high on life 2,,,,,,,,,,,,,,,,,,,High On Life 2,Squanch Games,Squanch Games,161.99,161.99,0.0,
hitman world of assassination,,,,,,,,,,,,,,,,,,,HITMAN World of Assassination,IO Interactive,Unknown,189.99,189.99,0.0,
hogwarts legacy,Hogwarts Legacy,Avalanche Software,Warner Bros. Games,249.99,249.99,0.0,5716.0,289966.0,35000000.0,90.22,262.0,,,,,,,,Hogwarts Legacy,Avalanche Software,Warner Bros. Games,249.99,249.99,0.0,
homeworld collection,,,,,,,,,,,,Homeworld® Remastered Collection,Gearbox Software,Gearbox Software,63.99,63.99,0.0,86.0,,,,,,,
horizon forbidden west,,,,,,,,,,,,,,,,,,,Horizon Forbidden West™ Complete Edition,"Guerrilla Games, Nixxes Software",PlayStation Publishing LLC,249.9,249.9,0.0,
human fall flat,Human Fall Flat,No Brakes Games,Curve Games,37.99,37.99,0.0,950.0,202253.0,15000000.0,94.67,84.0,,,,,,,,,,,,,,
hunt showdown 1896,Hunt: Showdown 1896,Crytek,Crytek,87.99,87.99,0.0,6300.0,181110.0,15000000.0,72.96,616.0,,,,,,,,,,,,,,
icewind dale,,,,,,,,,,,,Icewind Dale: Enhanced Edition,Beamdog,Beamdog,36.99,36.99,0.0,82.0,,,,,,,
icewind dale 2,,,,,,,,,,,,Icewind Dale 2 Complete,Black Isle Studios,Hasbro Inc.,19.99,19.99,0.0,90.0,,,,,,,
indiana jones and the fate of atlantis,,,,,,,,,,,,Indiana Jones® and the Fate of Atlantis™,Lucasfilm,Disney,20.49,20.49,0.0,96.0,,,,,,,
it takes two,,,,,,,,,,,,,,,,,,,It Takes Two,Hazelight,Electronic Arts,199.0,199.0,0.0,
jade empire,,,,,,,,,,,,Jade Empire: Special Edition,BioWare,Electronic Arts,18.29,73.29,75.0,88.0,,,,,,,
jagged alliance 2,,,,,,,,,,,,Jagged Alliance 2,Sir-Tech Software,Strategy First,5.29,10.49,50.0,94.0,,,,,,,
kingdom come deliverance ii,,,,,,,,,,,,,,,,,,,Kingdom Come: Deliverance II,Warhorse Studios,Deep Silver,299.0,299.0,0.0,
last epoch,Last Epoch,Eleventh Hour Games,Eleventh Hour Games,99.99,99.99,0.0,5831.0,88027.0,35000000.0,79.57,1619.0,,,,,,,,,,,,,,
left 4 dead 2,Left 4 Dead 2,Valve,Valve,32.99,32.99,0.0,25122.0,940221.0,75000000.0,97.54,207.0,,,,,,,,,,,,,,
lethal company,Lethal Company,Zeekerss,Zeekerss,32.99,32.99,0.0,6199.0,473422.0,15000000.0,97.18,180.0,,,,,,,,,,,,,,
life is strange 2,Life is Strange 2,"DONTNOD Entertainment, Feral Interactive (Mac), Feral Interactive (Linux)","Square Enix, Feral Interactive (Mac), Feral Interactive (Linux)",31.96,31.96,0.0,153.0,31616.0,15000000.0,86.3,601.0,,,,,,,,,,,,,,
lost ark,Lost Ark,Smilegate RPG,Amazon Games,0.0,0.0,0.0,17355.0,143481.0,75000000.0,71.02,1889.0,,,,,,,,,,,,,,
mafia trilogy,,,,,,,,,,,,,,,,,,,Mafia: Trilogy,"2K Games, Inc.",Unknown,279.9,279.9,0.0,
manor lords,,,,,,,,,,,,,,,,,,,Manor Lords,Slavic Magic,Hooded Horse,79.99,79.99,0.0,
marvels spiderman,,,,,,,,,,,,,,,,,,,Marvel's Spider-Man Remastered,"Insomniac Games, Nixxes Software",PlayStation Publishing LLC,249.9,249.9,0.0,
marvels spiderman 2,,,,,,,,,,,,,,,,,,,Marvel’s Spider-Man 2,"Insomniac Games, Nixxes Software",PlayStation Publishing LLC,249.9,249.9,0.0,
marvels spiderman miles morales,,,,,,,,,,,,,,,,,,,Marvel’s Spider-Man: Miles Morales,"Insomniac Games, Nixxes Software",PlayStation Publishing LLC,199.9,199.9,0.0,
master of orion 12,,,,,,,,,,,,Master of Orion 1+2,SimTex,Wargaming Labs,4.79,11.99,60.0,96.0,,,,,,,
medal of honor allied assault war chest,,,,,,,,,,,,Medal of Honor: Allied Assault War Chest,Electronic Arts,Electronic Arts,24.39,48.89,50.0,88.0,,,,,,,
might and magic 6 limited,,,,,,,,,,,,Might and Magic® 6-pack Limited Edition,"New World Computing, Inc.",Ubisoft,10.0,19.99,50.0,94.0,,,,,,,
might and magic 7 for blood and honor,,,,,,,,,,,,Might and Magic® 7: For Blood and Honor®,"New World Computing, Inc.",Ubisoft,2.39,11.99,80.0,92.0,,,,,,,
might and magic 8 day of the destroyer,,,,,,,,,,,,Might and Magic® 8: Day of the Destroyer™,"New World Computing, Inc.",Ubisoft,2.39,11.99,80.0,88.0,,,,,,,
monster hunter wilds,Monster Hunter Wilds,"CAPCOM Co., Ltd.","CAPCOM Co., Ltd.",279.0,279.0,0.0,12494.0,127273.0,35000000.0,58.27,483.0,,,,,,,,,,,,,,
monster hunter world,Monster Hunter: World,"CAPCOM Co., Ltd.","CAPCOM Co., Ltd.",129.0,129.0,0.0,11923.0,434239.0,15000000.0,88.01,837.0,,,,,,,,,,,,,,
mortal kombat 1,,,,,,,,,,,,,,,,,,,Mortal Kombat 1,Warner Bros.,Unknown,199.99,199.99,0.0,
mortal kombat 123,,,,,,,,,,,,Mortal Kombat 1+2+3,Midway Games,Warner Bros. Interactive Entertainment,11.99,11.99,0.0,72.0,,,,,,,
mount blade ii bannerlord,Mount & Blade II: Bannerlord,TaleWorlds Entertainment,TaleWorlds Entertainment,159.99,159.99,0.0,14477.0,232360.0,15000000.0,87.88,716.0,,,,,,,,,,,,,,
myst masterpiece,,,,,,,,,,,,Myst Masterpiece Edition,Cyan Worlds,Cyan Worlds,8.19,20.49,60.0,86.0,,,,,,,
naraka bladepoint,NARAKA: BLADEPOINT,24 Entertainment,NetEase Games Global,0.0,0.0,0.0,66954.0,225960.0,15000000.0,69.54,608.0,,,,,,,,,,,,,,
nba 2k20,NBA 2K20,Visual Concepts,2K,0.0,0.0,0.0,221.0,30260.0,7500000.0,49.87,148.0,,,,,,,,,,,,,,
need for speed heat,,,,,,,,,,,,,,,,,,,Need for Speed™ Heat Deluxe Edition,Ghost Games,Electronic Arts,279.0,279.0,0.0,
need for speed unbound,,,,,,,,,,,,,,,,,,,Need for Speed™ Unbound Standard Edition,Criterion Games,Electronic Arts,299.0,299.0,0.0,
neverwinter nights 2,,,,,,,,,,,,Neverwinter Nights 2 Complete,Obsidian Entertainment,Hasbro Inc.,36.99,36.99,0.0,88.0,,,,,,,
new world aeternum,New World: Aeternum,Amazon Games,Amazon Games,299.99,299.99,0.0,5583.0,196798.0,75000000.0,68.6,2351.0,,,,,,,,,,,,,,
nox,,,,,,,,,,,,Nox™,Westwood Studios,Electronic Arts,6.69,29.29,77.0,88.0,,,,,,,
overcooked 2,,,,,,,,,,,,,,,,,,,Overcooked! 2,Ghost Town Games and Team17 Digital Ltd,Team17 Digital Ltd,59.9,59.9,0.0,
paladins,Paladins,Evil Mojo Games,Hi-Rez Studios,0.0,0.0,0.0,1028.0,294373.0,15000000.0,84.98,393.0,,,,,,,,,,,,,,
palworld,Palworld,Pocketpair,Pocketpair,88.99,88.99,0.0,18028.0,358266.0,75000000.0,94.1,893.0,,,,,,,,,,,,,,
path of exile,Path of Exile,Grinding Gear Games,Grinding Gear Games,0.0,0.0,0.0,4694.0,209822.0,35000000.0,89.25,1263.0,,,,,,,,,,,,,,
path of exile 2,Path of Exile 2,Grinding Gear Games,Grinding Gear Games,79.8,79.8,0.0,16727.0,118511.0,35000000.0,70.12,1115.0,,,,,,,,,,,,,,
payday 2,PAYDAY 2,OVERKILL - a Starbreeze Studio.,Starbreeze Entertainment,32.99,32.99,0.0,27254.0,594327.0,35000000.0,89.63,1707.0,,,,,,,,,,,,,,
pc building simulator 2,,,,,,,,,,,,,,,,,,,PC Building Simulator 2,Spiral House Ltd,Epic Games Publishing,77.5,77.5,0.0,
pharaoh cleopatra,,,,,,,,,,,,Pharaoh + Cleopatra,Impressions Games,Activision,19.99,19.99,0.0,94.0,,,,,,,
phasmophobia,Phasmophobia,Kinetic Games,Kinetic Games,59.99,59.99,0.0,9978.0,736611.0,15000000.0,95.82,191.0,,,,,,,,,,,,,,
planescape torment,,,,,,,,,,,,Planescape: Torment: Enhanced Edition,Beamdog,Beamdog,18.5,36.99,50.0,80.0,,,,,,,
populous the beginning,,,,,,,,,,,,Populous™: The Beginning,Bullfrog Productions,Electronic Arts,29.29,29.29,0.0,90.0,,,,,,,
portal,Portal,Valve,Valve,32.99,32.99,0.0,638.0,175024.0,15000000.0,98.47,33.0,,,,,,,,,,,,,,
prince of persia the sands of time,,,,,,,,,,,,Prince of Persia®: The Sands of Time,Ubisoft,Ubisoft,29.99,29.99,0.0,88.0,,,,,,,
project zomboid,Project Zomboid,The Indie Stone,The Indie Stone,59.99,59.99,0.0,22864.0,355171.0,15000000.0,94.19,548.0,,,,,,,,,,,,,,
pubg battlegrounds,PUBG: BATTLEGROUNDS,PUBG Corporation,"KRAFTON, Inc.",0.0,0.0,0.0,314682.0,1520457.0,150000000.0,59.44,689.0,,,,,,,,,,,,,,
raft,Raft,Redbeet Interactive,Axolot Games,36.99,36.99,0.0,4701.0,323198.0,15000000.0,93.31,273.0,,,,,,,,,,,,,,
rayman 2 the great escape,,,,,,,,,,,,Rayman 2: The Great Escape,Ubisoft,Ubisoft,11.99,11.99,0.0,90.0,,,,,,,
rayman 3 hoodlum havoc,,,,,,,,,,,,Rayman 3: Hoodlum Havoc,Ubisoft,Ubisoft,11.99,11.99,0.0,86.0,,,,,,,
ready or not,,,,,,,,,,,,,,,,,,,Ready or Not,VOID Interactive Limited,VOID Interactive Limited,134.99,134.99,0.0,
reanimal,,,,,,,,,,,,,,,,,,,REANIMAL,Tarsier Studios,THQ Nordic,107.99,107.99,0.0,
red dead redemption,,,,,,,,,,,,,,,,,,,Red Dead Redemption,Rockstar Games,Rockstar Games,249.5,249.5,0.0,
red dead redemption 2,Red Dead Redemption 2,Rockstar Games,Rockstar Games,299.9,299.9,0.0,29885.0,676667.0,15000000.0,92.25,423.0,,,,,,,,Red Dead Redemption 2,Rockstar Games,Unknown,299.0,299.0,0.0,
rematch,,,,,,,,,,,,,,,,,,,REMATCH,Sloclap,"Sloclap, Kepler Interactive",89.0,89.0,0.0,
repo,R.E.P.O.,semiwork,semiwork,29.99,29.99,0.0,32349.0,179154.0,15000000.0,96.51,225.0,,,,,,,,,,,,,,
resident evil requiem,,,,,,,,,,,,,,,,,,,Resident Evil Requiem,CAPCOM,CAPCOM,339.9,339.9,0.0,
return to castle wolfenstein,,,,,,,,,,,,Return to Castle Wolfenstein,id Software,Bethesda Softworks LLC,7.19,17.99,60.0,84.0,,,,,,,
ring of elysium,Ring of Elysium,Aurora Studio,TCH Scarlet Limited,0.0,0.0,0.0,0.0,74345.0,15000000.0,74.47,0.0,,,,,,,,,,,,,,
risk of rain 2,Risk of Rain 2,Hopoo Games,Gearbox Publishing,53.99,53.99,0.0,7902.0,293127.0,7500000.0,93.48,369.0,,,,,,,,,,,,,,
robin hood the legend of sherwood,,,,,,,,,,,,Robin Hood: The Legend of Sherwood,Spellbound Entertainment AG,Microids,7.99,15.99,50.0,90.0,,,,,,,
rocket league,Rocket League,Psyonix LLC,Psyonix LLC,0.0,0.0,0.0,21106.0,509445.0,15000000.0,87.35,480.0,,,,,,,,,,,,,,
rollercoaster tycoon,,,,,,,,,,,,RollerCoaster Tycoon® Deluxe,Chris Sawyer Productions,Atari,11.99,11.99,0.0,92.0,,,,,,,
rollercoaster tycoon 2 triple thrill,,,,,,,,,,,,RollerCoaster Tycoon® 2: Triple Thrill Pack,Chris Sawyer Productions,Atari,19.99,19.99,0.0,84.0,,,,,,,
rust,Rust,Facepunch Studios,Facepunch Studios,119.99,119.99,0.0,143870.0,1071135.0,35000000.0,87.24,1376.0,,,,,,,,,,,,,,
satisfactory,Satisfactory,Coffee Stain Studios,Coffee Stain Publishing,107.99,107.99,0.0,12596.0,225479.0,15000000.0,97.16,830.0,,,,,,,,Satisfactory,Coffee Stain Studios,Coffee Stain Publishing,107.99,107.99,0.0,
schedule i,Schedule I,TVGS,TVGS,59.99,59.99,0.0,22757.0,200803.0,15000000.0,98.41,391.0,,,,,,,,,,,,,,
sekiro shadows die twice,Sekiro: Shadows Die Twice - GOTY Edition,"FromSoftware, Inc.","Activision (Excluding Japan and Asia), FromSoftware, Inc. (Japan), 方块游戏 (Asia)",274.0,274.0,0.0,6767.0,307041.0,15000000.0,95.29,150.0,,,,,,,,,,,,,,
settlers 3 collection,,,,,,,,,,,,Settlers® 3: Ultimate Collection,Blue Byte Studio,Ubisoft,19.99,19.99,0.0,78.0,,,,,,,
shadow of the tomb raider,,,,,,,,,,,,,,,,,,,Shadow of the Tomb Raider: Definitive Edition,"Eidos-Montréal, Crystal Dynamics, Nixxes Software",Crystal Dynamics,145.9,145.9,0.0,
sid meiers alpha centauri planetary,,,,,,,,,,,,Sid Meier's Alpha Centauri™ Planetary Pack,Firaxis Games,Electronic Arts,14.69,29.29,50.0,96.0,,,,,,,
sid meiers civilization v,Sid Meier's Civilization V,"Firaxis Games, Aspyr (Mac), Aspyr (Linux)","2K, Aspyr (Mac), Aspyr (Linux)",44.99,44.99,0.0,12206.0,195724.0,15000000.0,95.82,569.0,,,,,,,,,,,,,,
sid meiers civilization vi,Sid Meier’s Civilization VI,"Firaxis Games, Aspyr (Mac), Aspyr (Linux)","2K, Aspyr (Mac), Aspyr (Linux)",129.0,129.0,0.0,25420.0,304053.0,15000000.0,86.89,773.0,,,,,,,,Sid Meier’s Civilization® VI,"2K Games, Inc.",Unknown,129.0,129.0,0.0,
sid meiers civilization vii,,,,,,,,,,,,,,,,,,,Sid Meier's Civilization® VII,Firaxis Games,2K,349.9,349.9,0.0,
simcity 2000,,,,,,,,,,,,SimCity™ 2000 Special Edition,Maxis Software Inc.,Electronic Arts,14.69,29.29,50.0,90.0,,,,,,,
simcity 3000 unlimited,,,,,,,,,,,,SimCity™ 3000 Unlimited,Maxis Software Inc.,Electronic Arts,24.39,48.89,50.0,88.0,,,,,,,
simcity 4,,,,,,,,,,,,SimCity™ 4 Deluxe Edition,Maxis Software Inc.,Electronic Arts,24.39,97.69,75.0,90.0,,,,,,,
smite,SMITE,Titan Forge Games,Hi-Rez Studios,0.0,0.0,0.0,1853.0,94368.0,15000000.0,78.77,1218.0,,,,,,,,,,,,,,
snowrunner,,,,,,,,,,,,,,,,,,,SnowRunner,Saber Interactive,Focus Entertainment,99.9,99.9,0.0,
sons of the forest,Sons Of The Forest,Endnight Games Ltd,Newnight ,88.99,88.99,0.0,4450.0,222495.0,15000000.0,87.75,363.0,,,,,,,,,,,,,,
split fiction,,,,,,,,,,,,,,,,,,,Split Fiction,Hazelight Studios AB,Electronic Arts,199.0,199.0,0.0,
squad,,,,,,,,,,,,,,,,,,,Squad,Offworld,Offworld,148.99,148.99,0.0,
stalker 2 heart of chornobyl,,,,,,,,,,,,,,,,,,,S.T.A.L.K.E.R. 2: Heart of Chornobyl,GSC Game World,GSC Game World,239.0,239.0,0.0,
star wars jedi fallen order,,,,,,,,,,,,,,,,,,,STAR WARS Jedi: Fallen Order Standard Edition,Electronic Arts,Unknown,199.0,199.0,0.0,
star wars jedi survivor,,,,,,,,,,,,,,,,,,,STAR WARS Jedi: Survivor™,Electronic Arts,Electronic Arts,299.0,299.0,0.0,
star wars knights of the old republic,,,,,,,,,,,,STAR WARS™: Knights of the Old Republic,Lucasfilm,Disney,32.99,32.99,0.0,94.0,,,,,,,
star wars knights of the old republic ii the sith lords,,,,,,,,,,,,STAR WARS™ Knights of the Old Republic™ II: The Sith Lords™,Lucasfilm,Disney,32.99,32.99,0.0,90.0,,,,,,,
star wars outlaws,,,,,,,,,,,,,,,,,,,Star Wars Outlaws,Ubisoft Entertainment,Ubisoft Entertainment,349.99,349.99,0.0,
stardew valley,Stardew Valley,ConcernedApe,ConcernedApe,24.99,24.99,0.0,50662.0,872384.0,35000000.0,98.44,603.0,Stardew Valley,ConcernedApe,ConcernedApe,24.99,24.99,0.0,96.0,,,,,,,
stellar blade,,,,,,,,,,,,,,,,,,,Stellar Blade™,SHIFT UP Corporation,PlayStation Publishing LLC (excluding China),249.9,249.9,0.0,
stronghold crusader hd,,,,,,,,,,,,Stronghold Crusader HD,FireFly Studios,FireFly Studios,3.4,16.99,80.0,90.0,,,,,,,
stronghold hd,,,,,,,,,,,,Stronghold HD,FireFly Studios,FireFly Studios,3.59,11.99,70.0,88.0,,,,,,,
swat 4,,,,,,,,,,,,SWAT 4: Gold Edition,Irrational Games,Activision,16.99,16.99,0.0,96.0,,,,,,,
syndicate plus,,,,,,,,,,,,Syndicate Plus™,Bullfrog Productions,Electronic Arts,29.29,29.29,0.0,92.0,,,,,,,
system shock,,,,,,,,,,,,System Shock: Enhanced Edition,Looking Glass Studios,Nightdive Studios,19.99,19.99,0.0,92.0,,,,,,,
team fortress 2,Team Fortress 2,Valve,Valve,0.0,0.0,0.0,43819.0,1044264.0,75000000.0,89.91,723.0,,,,,,,,,,,,,,
terraria,Terraria,Re-Logic,Re-Logic,32.99,32.99,0.0,24580.0,1373979.0,35000000.0,97.48,793.0,,,,,,,,,,,,,,
the crew motorfest,,,,,,,,,,,,,,,,,,,The Crew™ Motorfest Standard Edition,Ubisoft Ivory Tower,Ubisoft,299.99,299.99,0.0,
the elder scrolls iii morrowind,,,,,,,,,,,,The Elder Scrolls III: Morrowind GOTY Edition,Bethesda Softworks,Bethesda Softworks LLC,16.5,32.99,50.0,94.0,,,,,,,
the elder scrolls iv oblivion,,,,,,,,,,,,The Elder Scrolls IV: Oblivion - Game of the Year Edition Deluxe,Bethesda Game Studios,Bethesda Softworks LLC,10.79,42.99,75.0,84.0,,,,,,,
the elder scrolls online,,,,,,,,,,,,,,,,,,,The Elder Scrolls Online,ZeniMax Online Studios,Bethesda Softworks,61.5,61.5,0.0,
the elder scrolls v skyrim,,,,,,,,,,,,,,,,,,,The Elder Scrolls V: Skyrim Special Edition,Bethesda Game Studios,Bethesda Softworks,149.0,149.0,0.0,
the forest,The Forest,Endnight Games Ltd,Endnight Games Ltd,37.99,37.99,0.0,2892.0,599805.0,35000000.0,95.54,148.0,,,,,,,,,,,,,,
the last of us part i,,,,,,,,,,,,,,,,,,,The Last of Us™ Part I,Naughty Dog LLC,PlayStation Publishing LLC,249.9,249.9,0.0,
the last of us part ii,,,,,,,,,,,,,,,,,,,The Last of Us™ Part II Remastered,"Naughty Dog LLC, Nixxes Software, Iron Galaxy",PlayStation Publishing LLC,199.9,199.9,0.0,
the lord of the rings return to moria,,,,,,,,,,,,,,,,,,,The Lord of The Rings: Return to Moria™,Free Range Games,North Beach Games,80.99,80.99,0.0,
the outlast trials,,,,,,,,,,,,,,,,,,,The Outlast Trials,Red Barrels,Red Barrels,107.99,107.99,0.0,
the secret of monkey island,,,,,,,,,,,,The Secret of Monkey Island™: Special Edition,Lucasfilm,Disney,32.99,32.99,0.0,90.0,,,,,,,
the settlers 2,,,,,,,,,,,,The Settlers® 2: Gold Edition,Blue Byte Studio,Ubisoft,19.99,19.99,0.0,94.0,,,,,,,
the settlers 2 10th,,,,,,,,,,,,The Settlers® 2: 10th Anniversary,Blue Byte Studio,Ubisoft,19.99,19.99,0.0,88.0,,,,,,,
the settlers 4,,,,,,,,,,,,The Settlers® 4: Gold Edition,Blue Byte Studio,Ubisoft,19.99,19.99,0.0,76.0,,,,,,,
the sims 4,The Sims 4,Maxis,Electronic Arts,0.0,0.0,0.0,25276.0,149064.0,15000000.0,87.31,593.0,,,,,,,,,,,,,,
the temple of elemental evil,,,,,,,,,,,,The Temple of Elemental Evil,Troika Games,Hasbro Inc.,32.99,32.99,0.0,82.0,,,,,,,
the witcher,,,,,,,,,,,,The Witcher: Enhanced Edition,CD PROJEKT RED,CD PROJEKT RED,16.99,16.99,0.0,92.0,,,,,,,
the witcher 2 assassins of kings,,,,,,,,,,,,The Witcher 2: Assassins of Kings Enhanced Edition,CD PROJEKT RED,CD PROJEKT RED,59.99,59.99,0.0,94.0,,,,,,,
the witcher 3 wild hunt,The Witcher 3: Wild Hunt,CD PROJEKT RED,CD PROJEKT RED,129.99,129.99,0.0,15893.0,802993.0,35000000.0,96.13,527.0,The Witcher 3: Wild Hunt - Complete Edition,CD PROJEKT RED,CD PROJEKT RED,159.99,159.99,0.0,96.0,,,,,,,
the witcher 3 wild hunt,The Witcher 3: Wild Hunt,CD PROJEKT RED,CD PROJEKT RED,129.99,129.99,0.0,15893.0,802993.0,35000000.0,96.13,527.0,The Witcher 3: Wild Hunt,CD PROJEKT RED,CD PROJEKT RED,129.99,129.99,0.0,96.0,,,,,,,
thehunter call of the wild,,,,,,,,,,,,,,,,,,,theHunter: Call of the Wild™,Expansive Worlds,Expansive Worlds,37.99,37.99,0.0,
theme hospital,,,,,,,,,,,,Theme Hospital,Bullfrog Productions,Electronic Arts,29.29,29.29,0.0,94.0,,,,,,,
thief,,,,,,,,,,,,Thief™ Gold,Looking Glass Studios,Eidos Interactive Corporation,7.29,28.99,75.0,96.0,,,,,,,
thief 2 the metal age,,,,,,,,,,,,Thief™ 2: The Metal Age,Looking Glass Studios,Eidos Interactive Corporation,7.29,28.99,75.0,98.0,,,,,,,
thief 3 deadly shadows,,,,,,,,,,,,Thief™ 3: Deadly Shadows,Ion Storm Inc.,Eidos Interactive Corporation,7.49,37.49,80.0,84.0,,,,,,,
thronebreaker the witcher tales,,,,,,,,,,,,Thronebreaker: The Witcher Tales,CD PROJEKT RED,CD PROJEKT RED,55.99,55.99,0.0,86.0,,,,,,,
tom clancys ghost recon wildlands,,,,,,,,,,,,,,,,,,,Tom Clancy's Ghost Recon Wildlands Standard Edition,Ubisoft Entertainment,Unknown,149.99,149.99,0.0,
tom clancys rainbow six siege,Tom Clancy's Rainbow Six Siege,Ubisoft Montreal,Ubisoft,19.99,19.99,0.0,51847.0,1172854.0,35000000.0,83.86,459.0,,,,,,,,,,,,,,
tom clancys the division 2,,,,,,,,,,,,,,,,,,,Tom Clancy's The Division 2,Massive Entertainment,Ubisoft,149.99,149.99,0.0,
total annihilation commander,,,,,,,,,,,,Total Annihilation: Commander Pack,Cavedog Entertainment,Wargaming.net,10.49,10.49,0.0,96.0,,,,,,,
total war three kingdoms,,,,,,,,,,,,,,,,,,,Total War: THREE KINGDOMS,Creative Assembly,SEGA,149.99,149.99,0.0,
total war warhammer iii,,,,,,,,,,,,,,,,,,,Total War: WARHAMMER III,Creative Assembly ,SEGA,299.0,299.0,0.0,
trove,Trove,gamigo US Inc.,gamigo US Inc.,0.0,0.0,0.0,758.0,74103.0,15000000.0,80.22,18.0,,,,,,,,,,,,,,
ultima 7 the,,,,,,,,,,,,Ultima™ 7 The Complete Edition,Origin Systems,Electronic Arts,14.69,29.29,50.0,96.0,,,,,,,
ultima underworld 12,,,,,,,,,,,,Ultima™ Underworld 1+2,Blue Sky Productions,Electronic Arts,14.69,29.29,50.0,94.0,,,,,,,
uncharted legacy of thieves collection,,,,,,,,,,,,,,,,,,,UNCHARTED™: Legacy of Thieves Collection,Naughty Dog LLC,PlayStation Publishing LLC,199.9,199.9,0.0,
unturned,Unturned,Smartly Dressed Games,Smartly Dressed Games,0.0,0.0,0.0,10408.0,506516.0,75000000.0,91.2,3817.0,,,,,,,,,,,,,,
valheim,Valheim,Iron Gate AB,Coffee Stain Publishing,79.09,79.09,0.0,14439.0,471451.0,15000000.0,94.32,713.0,,,,,,,,,,,,,,
vampire the masquerade bloodlines,,,,,,,,,,,,Vampire®: The Masquerade - Bloodlines™,Troika Games,Activision,34.99,34.99,0.0,96.0,,,,,,,
vampire the masquerade redemption,,,,,,,,,,,,Vampire: The Masquerade - Redemption,Nihilistic Software,Activision,11.99,11.99,0.0,82.0,,,,,,,
vrchat,VRChat,VRChat Inc.,VRChat Inc.,0.0,0.0,0.0,34699.0,181623.0,35000000.0,75.56,1338.0,,,,,,,,,,,,,,
wallpaper engine,Wallpaper Engine,Wallpaper Engine Team,Wallpaper Engine Team,17.99,17.99,0.0,91184.0,876898.0,35000000.0,98.04,153.0,,,,,,,,,,,,,,
war robots frontiers,War Robots: Frontiers,MY.GAMES,MY.GAMES,0.0,0.0,0.0,256.0,1977.0,35000000.0,64.15,0.0,,,,,,,,,,,,,,
war thunder,War Thunder,Gaijin Entertainment,Gaijin Network Ltd,0.0,0.0,0.0,50478.0,484469.0,35000000.0,63.99,727.0,,,,,,,,,,,,,,
warface clutch,Warface: Clutch,MY.GAMES,MY.GAMES,0.0,0.0,0.0,270.0,54554.0,35000000.0,66.37,1151.0,,,,,,,,,,,,,,
warframe,Warframe,Digital Extremes,Digital Extremes,0.0,0.0,0.0,36195.0,545393.0,35000000.0,87.05,1135.0,,,,,,,,,,,,,,
warhammer 40000 rogue trader,"Warhammer 40,000: Rogue Trader",Owlcat Games,Owlcat Games,81.24,81.24,0.0,3582.0,26360.0,15000000.0,85.57,767.0,,,,,,,,,,,,,,
warhammer 40000 space marine 2,,,,,,,,,,,,,,,,,,,"Warhammer 40,000: Space Marine 2",Saber Interactive,Focus Entertainment,199.9,199.9,0.0,
watch dogs 2,,,,,,,,,,,,,,,,,,,Watch Dogs 2 Standard Edition,Ubisoft Entertainment,Unknown,149.99,149.99,0.0,
wing commander 12,,,,,,,,,,,,Wing Commander™ 1+2,Origin Systems,Electronic Arts,29.29,29.29,0.0,94.0,,,,,,,
wing commander 3 heart of the tiger,,,,,,,,,,,,Wing Commander™ 3 Heart of the Tiger™,Origin Systems,Electronic Arts,29.29,29.29,0.0,94.0,,,,,,,
wing commander 4 the price of freedom,,,,,,,,,,,,Wing Commander™ 4: The Price of Freedom,Origin Systems,Electronic Arts,29.29,29.29,0.0,94.0,,,,,,,
world in conflict,,,,,,,,,,,,World in Conflict: Complete Edition,Massive Entertainment,Ubisoft,19.99,19.99,0.0,86.0,,,,,,,
world of tanks blitz,World of Tanks Blitz,Wargaming Group Limited,Wargaming Group Limited,0.0,0.0,0.0,5707.0,116407.0,15000000.0,78.57,511.0,,,,,,,,,,,,,,
world of warships,World of Warships,Wargaming Group Limited,Wargaming Group Limited,0.0,0.0,0.0,8518.0,112887.0,35000000.0,77.03,1170.0,,,,,,,,,,,,,,
world war z aftermath,,,,,,,,,,,,,,,,,,,World War Z Aftermath,Saber Interactive,Unknown,135.9,135.9,0.0,
wuchang fallen feathers,,,,,,,,,,,,,,,,,,,WUCHANG: Fallen Feathers,Leenzee,505 Games,199.0,199.0,0.0,
z1 battle royale,Z1 Battle Royale,Daybreak Game Company,Daybreak Game Company,0.0,0.0,0.0,1010.0,113729.0,15000000.0,55.75,20.0,,,,,,,,,,,,,,
zeus poseidon acropolis,,,,,,,,,,,,Zeus + Poseidon (Acropolis),Impressions Games,Activision,19.99,19.99,0.0,94.0,,,,,,,
